Identifiant,target
16872,0.436688357789604
16852,0.47937368894601795
598,0.4522529643497826
4516,0.3040413351612389
7939,0.3286355468391698
17980,0.4429786556096111
15861,0.42981973563628334
577,0.4284726820999574
18087,0.4991704498177422
12221,0.3953937583369428
6839,0.3120201939701643
5834,0.357230989108874
3896,0.3920561914518826
12247,0.4648222806761021
17909,0.42261181026311545
6124,0.3992799221595175
13178,0.3798860988139837
9516,0.3717925254258558
3808,0.33779523574514164
14658,0.36471688996775786
3073,0.37880538254414925
7309,0.4178310585288078
660,0.4063343635109986
7128,0.34183429074586197
8745,0.3495939340187585
15290,0.4531417912894379
7918,0.35031023263986405
15825,0.3186180208285866
300,0.40121493643197925
8997,0.46150444035876503
3181,0.41204763813098155
477,0.31215918164544915
16878,0.3692245219316572
16214,0.3066711711611499
8830,0.4523534024822461
10748,0.33209834777347197
3144,0.29939466952813076
4452,0.338387194346314
11895,0.425635971005855
4681,0.34383821885299365
4319,0.4006607818925666
3120,0.34244695503734596
16060,0.6192672178057212
11253,0.38084066204973194
18899,0.31668936644683293
14654,0.3950462796383798
7453,0.36598792545159653
4042,0.48297433462283995
10673,0.4075597279076745
1347,0.4460850668062471
1076,0.36272990805647043
15749,0.4539327098303671
18827,0.42620486926846884
3428,0.4193626612269261
4093,0.3380205104517016
13200,0.41558851797703633
12775,0.3271680040379195
8915,0.42548571645938993
9316,0.40433055996770567
5385,0.46182302962458877
3642,0.32086497573385575
15591,0.35262181443021223
6597,0.35939870072294505
18928,0.48556828706584215
14286,0.384544208871105
5322,0.42731963102543746
4543,0.38545365261502457
15369,0.3313303075687335
15755,0.5248509032524452
15164,0.3470792291176163
19623,0.28494553979336545
15837,0.6070200538134799
9629,0.36033158584739844
8662,0.35568598314024785
13923,0.32136739605824166
2822,0.41985038527330254
4420,0.4169131800087191
15633,0.3308240505828575
10637,0.44266501696978855
2291,0.345449411554873
7154,0.43806998396428015
12030,0.36518660857409535
5155,0.4097452167844284
3211,0.3888006795811285
13684,0.3234925547309732
3898,0.4907126517629739
1421,0.5108901635970198
14863,0.3690433309699578
6035,0.4383342304026954
3842,0.3482986776911014
16680,0.4632144990365722
6510,0.3412492668123072
9144,0.4837817292465628
4177,0.3762865449177831
7067,0.43797871376900105
4590,0.40579839604227486
18786,0.47891000787984905
12732,0.384471817866053
10376,0.407879295143367
3529,0.4180036130608179
14135,0.33655387491271316
19114,0.358486294891443
13632,0.3435949290465328
13300,0.3798860988139837
7760,0.3172737783462056
10984,0.38233464042066473
18962,0.3119902317982211
18240,0.35338620966883616
4394,0.38894493787374185
8423,0.4059162737126535
3499,0.34183904609361226
10726,0.3686696014310423
7686,0.39519506667578164
12026,0.3120201939701643
10100,0.3713388282465799
6725,0.39306009441343587
6492,0.31574341761829616
12548,0.395308404396837
12972,0.44902514897920875
15850,0.3141085650101589
16890,0.5376237625379467
6488,0.38651087216380464
10456,0.4956674359764829
6645,0.41292346425080295
16756,0.35615794159672837
15070,0.34725166203271607
12216,0.36948523798341226
6770,0.3937716745523437
10660,0.3894339088113271
8376,0.35897776188586455
15612,0.4761556491601679
12200,0.40319259557054454
13734,0.32903840411238616
17668,0.3900301074464249
883,0.4748231048765171
715,0.3761517576219893
18881,0.35089883507700864
10756,0.3402404262083287
1730,0.4346464567008454
6362,0.32399616369733875
1484,0.48833922336213753
6584,0.39242690987962264
18631,0.4355800888775796
9695,0.40381318586978804
13966,0.3240912923982886
6632,0.47485790356737034
14112,0.36358238966677375
5589,0.3884124682850057
1883,0.36851610754899056
6423,0.34911359800415853
4309,0.34980638603488545
10049,0.402488692731398
9611,0.4288781669881995
3392,0.347554692185571
733,0.4499894914571587
19887,0.45469522858987277
16346,0.36501348450208093
18840,0.48899347540336285
3213,0.3455901292109044
17208,0.49304604216878783
13423,0.3489484587984598
2810,0.47706996102297067
16667,0.5489292686855981
4652,0.44372888792449555
6399,0.4235486256521728
19069,0.4845909182826358
6123,0.3769439208135908
16716,0.44508017662600297
8806,0.33269718974844237
16386,0.3655143683011821
12083,0.3562733166599222
3784,0.3300737032044946
2567,0.43338482579034115
12169,0.4204907888341047
12079,0.42840832177831834
11914,0.36800244950034283
18511,0.30464600352553134
14430,0.33269718974844237
15677,0.3199600464047746
9186,0.4187326306540391
15159,0.46131889825445827
5212,0.3873638715584075
4048,0.28321697638595944
7645,0.4657839900964347
15987,0.4134919978659757
18531,0.3620070471163876
15616,0.3668927373436254
13795,0.31215918164544915
1840,0.39875388478398904
19468,0.3178979760311806
750,0.37521380805440635
13006,0.43730219369322554
11198,0.37985304287869665
14398,0.4269020061242754
14906,0.3394882372952019
5962,0.39875388478398904
8148,0.34640626845436356
12799,0.35026087457118743
9660,0.39800107791723865
1938,0.4014004352805693
10907,0.3790325436538571
12063,0.3440838135568614
1022,0.3546300482023626
17187,0.326427950210846
14347,0.37834813950574103
3258,0.4267584189005914
16553,0.49263382199382183
6648,0.353415216011804
9095,0.3893779306973069
12067,0.3533282606321234
10919,0.4295411857420765
17460,0.5065644463356574
19822,0.3321999537503155
7914,0.3607741481829156
4232,0.35916529470246933
11989,0.3859549459843844
7872,0.357319014627857
9004,0.5004706822212461
9664,0.4866978156605654
19916,0.4940663338851387
10960,0.355821201725633
11328,0.36735217396225134
19087,0.4291507785702208
16161,0.3970580583427572
3683,0.41303344066233305
7448,0.32365605078444337
7838,0.3386003700565081
16952,0.44676666823351247
16439,0.3331787164432602
17760,0.45766268213004685
16998,0.45750826563272295
11641,0.3062085472845347
14078,0.4096785758674501
3152,0.3963628570895539
19314,0.43481572335904023
10924,0.4058638654947823
820,0.39968878393564156
5701,0.36150618176833926
9276,0.3994245344796022
15177,0.3706444118036467
6717,0.39417776353983325
7748,0.33342349271314503
15822,0.4519630017837877
17065,0.4236621387138654
17363,0.4800394594650985
13252,0.44633810870074775
5046,0.3422204204603521
17927,0.37070825386631934
7235,0.34660840364102435
18344,0.43436354215174355
10689,0.27438861520075747
7866,0.3457623941801266
6422,0.35800341967514815
6931,0.33269718974844237
14853,0.3444500392691714
13207,0.42212761717162
10594,0.3686696014310423
4363,0.29985857788722425
10735,0.38037687559478134
15016,0.38360486708806424
17430,0.5301202349406049
19763,0.35990394116309005
11827,0.3349869826081443
17533,0.3479153600528612
3601,0.3737338690089452
4836,0.3955198980320104
9698,0.4210435211796497
11377,0.34547908530422006
8617,0.34058073765857727
16259,0.43659116041864
12058,0.4690840061536416
18815,0.44768105762692567
4121,0.44068003491876984
8560,0.402852653517303
15926,0.3982775177992781
13125,0.37426134016398893
17542,0.4011367088443867
9633,0.3526131650420202
15614,0.33627439360809164
7738,0.3861374297937679
3253,0.4192848830381552
17471,0.4246563023888663
18490,0.4981295741307901
3125,0.3952726809893695
5780,0.39209120817242415
16738,0.3626784426021898
3675,0.37828652639996735
1936,0.4005005198151011
15300,0.2955059080473506
4068,0.38444590814491947
18334,0.396547249881828
2591,0.4169816899134962
1223,0.4159289710629283
5874,0.3572513593993288
8151,0.3577130186903377
8525,0.41941369511251325
11330,0.4232920402193068
1432,0.3737338690089452
7632,0.31215918164544915
19062,0.3598939043913906
12911,0.42117508108859547
10050,0.42872607876432506
5066,0.34571192396294176
7957,0.44594790204791024
2230,0.38361902440294304
9868,0.43441610381390383
16098,0.4193003581958737
1058,0.3738523630065717
11457,0.4342841213903434
8558,0.3885513913381281
16437,0.4157691382717715
19210,0.3432769266361908
11899,0.36887854627981415
15868,0.49608060375406854
11286,0.4137125840864616
4084,0.34183904609361226
8623,0.33273823820748594
11104,0.338387194346314
7124,0.4101821689807903
15672,0.5032851095226182
10106,0.39250248987689973
8563,0.4103041161088566
5921,0.3844352752059838
8996,0.42145818151057185
12033,0.39384114006914667
1959,0.3614713301160191
1859,0.30582228570937403
798,0.421412292340934
8007,0.4191644271679936
1514,0.3995301699463426
2992,0.35026078685124085
8583,0.4345887202486204
18793,0.4294237032769905
11516,0.338387194346314
1951,0.5022792222382798
13073,0.37527663771056613
9452,0.3728240737073032
19017,0.45111449618671495
10509,0.5391249920380974
4677,0.31215918164544915
4714,0.31388280949852526
1525,0.35831987987488295
10690,0.2778468270943178
4762,0.3980284818312599
10512,0.4346203733925325
4386,0.3498071323775502
16222,0.42471090287716345
3212,0.3931152367190295
14971,0.47933638136451956
12434,0.3142529856291507
4946,0.3131422155444361
14526,0.33508917768079044
14264,0.3678711858911253
11463,0.4037791504128538
2503,0.3881124025052035
8481,0.416825364672973
4832,0.33943893874321757
8251,0.42139785640456384
1168,0.4620545087000225
16280,0.5334962927212181
438,0.40036940523056164
2249,0.32613855875315856
1057,0.33574113055399457
16466,0.3866576341731965
9580,0.3407401974027048
1667,0.6168416516916249
16928,0.3559929361186921
15740,0.2908939120918364
11399,0.3455901292109044
9562,0.4227865993663706
5405,0.45816325796794743
18618,0.3076762373676607
6179,0.3982702942314999
5178,0.4502708776465769
15535,0.320212811852973
8570,0.45501231119996777
4072,0.5263197097541658
3622,0.3480770359767016
3730,0.38743450942562907
12461,0.3031613296505975
17922,0.5367100626777549
6853,0.3334652270813724
9932,0.5561922157427049
9283,0.393705536887217
12962,0.3301919606551739
3526,0.388413063786188
17700,0.3339483866527898
13567,0.27912252052019637
11638,0.3884563289450846
1521,0.4150421564279145
14952,0.33817776120157783
16874,0.38561318437261694
14831,0.3879534210410633
18492,0.5118270483637254
11843,0.37490695123342793
11038,0.32657476206549535
5827,0.35896793964686263
5860,0.3708856623947366
8139,0.40554749257246475
16219,0.4396729360624255
11223,0.3549215316658469
4969,0.3300627372269758
17691,0.3814313022762923
6820,0.43758030506120865
10941,0.37448388700498164
16110,0.5002407429138829
2557,0.4625332908792918
8768,0.3599598361111955
7323,0.4088374815174026
8734,0.36742363328152955
18788,0.40299960163917425
17921,0.37709136972249974
4655,0.43302661551253846
15735,0.46567608004235234
6873,0.3559059083403289
12338,0.34201689243763583
7977,0.3945944441784909
19733,0.4008071157284485
16265,0.5268227651158226
9977,0.3167592723944486
8503,0.4068749406628083
1066,0.4012914351177152
15963,0.4195284436704297
6105,0.39176764366056294
6385,0.5069764179814994
9825,0.35211593078318676
4251,0.4261341372964596
11770,0.3254001143220127
2257,0.35624921404190374
7132,0.39468058259037475
19852,0.5217112169432475
7203,0.3761517576219893
3495,0.4019002178776656
2805,0.4527351566764414
15809,0.5791086103701724
18556,0.39191674890793016
18630,0.5229805429887218
15060,0.4351601410997594
6006,0.3761517576219893
7656,0.3066748482926877
11813,0.3722727553905004
9070,0.33768335066342253
5353,0.33269718974844237
19043,0.3848913970034437
18693,0.3382669522033952
15172,0.33744871136545146
4999,0.38328246712384806
5599,0.3761517576219893
1418,0.3976123720634103
16056,0.5570142259286943
5373,0.5200302481164719
6048,0.33005603134773404
3666,0.34575329341838595
5503,0.41659407117379715
8787,0.37793564663618767
9010,0.3672265373664186
8790,0.3655853729542793
108,0.40823350444621187
16480,0.4375852205237329
4271,0.43905429959595604
10072,0.3964656179667776
7592,0.3555930746071831
15223,0.44347315015710503
2041,0.3884855366553181
11662,0.2831611020991218
4757,0.35263766105464966
18408,0.36902904831289207
1630,0.36673025502272527
10953,0.42847990560599153
1234,0.35259483977498307
2506,0.36851064063229155
5344,0.31662151526036136
6433,0.303529967807213
10861,0.37834859188570114
15292,0.3516313438273649
16497,0.3748977999704327
14029,0.4812668962169106
6012,0.3615337760472811
6400,0.3208501616942785
7481,0.4693045411798998
3905,0.34928493364440444
12005,0.5127343380605677
2337,0.44227514980966426
3354,0.3423327217738032
3773,0.3137234634974395
3445,0.4455280152048946
2803,0.5067257187126347
17512,0.39963106267217785
11931,0.3367311801999567
5762,0.41852916313839894
6144,0.4271997093074298
13266,0.3788828031124319
15936,0.4125695489376067
11348,0.346407389829185
8530,0.373917778954166
9329,0.3880263777916921
11068,0.4089177589785527
6774,0.34207327899643175
16151,0.5714585770596812
6305,0.39452960286170646
2010,0.4208571284751253
9739,0.39094022446537
4793,0.33487481430643873
19295,0.4651125026790645
1953,0.39724756912994613
10745,0.35745477670498554
8878,0.47189120116694433
3191,0.41089226908068494
11883,0.3558018878403346
11956,0.3199445667903405
13843,0.39702697172694723
2502,0.39627749401920026
18470,0.4054817770644851
10285,0.3796526595914496
7467,0.3787812891847975
7612,0.2860979969132062
9240,0.3702539871766216
19592,0.3419226080355765
8524,0.4772690694006689
19037,0.4031841344090357
4144,0.4679317860543941
4430,0.460013182929523
872,0.36272990805647043
2590,0.4169816899134962
16455,0.29644020180686736
6644,0.3977180144508479
19346,0.3731042313171417
18269,0.46225973235216694
18172,0.5301662193797101
16968,0.5507271945363291
11224,0.3877326636132697
3236,0.4351184012486226
4690,0.35430098663559756
17636,0.4457012711028791
5685,0.4217565934005234
18544,0.4997628461686555
14881,0.34593043080620045
13951,0.36424510353219247
9504,0.3631837652928302
11183,0.35026087457118743
17554,0.5353686668749601
13157,0.45076436687761195
9309,0.37832195046841866
14155,0.38851151869263856
16875,0.3729495886562992
9652,0.4016019635067052
10048,0.33007607222488294
7937,0.3650887053208167
15557,0.5071921794024583
13955,0.38179594146891954
8038,0.3408215455082334
18523,0.33484693123059595
3133,0.3795120185317923
10339,0.40345790233289824
2471,0.33529468083795305
18427,0.5407934081619651
12007,0.332946521494119
13870,0.3739258928213314
15893,0.3474987645409716
10038,0.4160751551139199
12774,0.4102114750856207
6543,0.3826877385343238
15285,0.30196809375373285
2768,0.35987918747616215
326,0.485036612580759
12639,0.43672056075445637
15053,0.4189968178089475
6367,0.3879414181998321
4076,0.44421999946445306
8720,0.375888183294707
781,0.37192747569970674
15452,0.4592074357961671
13466,0.3459563549232143
13961,0.34201787747797013
4074,0.33733060130857984
11682,0.38002473353033256
18739,0.3545881527689407
12474,0.34349711292522933
10883,0.34031976720901297
12662,0.37314911567473186
6610,0.35091379864273115
7048,0.39875388478398904
9852,0.41048586588492186
6333,0.33269718974844237
11099,0.33269718974844237
1703,0.42494783713310563
7841,0.35603870255575176
6194,0.45143927242572357
1559,0.5057910779548971
13617,0.3331765042810308
8467,0.3375575642516606
19326,0.33741624678537285
9684,0.3869650207145773
5722,0.4728665084699243
6903,0.40121493643197925
16079,0.43414640845036856
9662,0.40035365451367066
14172,0.33158566245560056
3310,0.34443080518775643
15338,0.3660956620499237
3641,0.3130795905889644
19622,0.3680429530028084
9399,0.3880922369397449
6662,0.3483086551004064
7767,0.39235415019500114
7633,0.3905934847520602
5948,0.33413092785417337
15508,0.4555462303727504
2145,0.4594739299589941
14923,0.34643651612794035
10732,0.4734798589311113
14122,0.31037609940147015
2615,0.38406465235151177
12429,0.3218949370577034
11986,0.34109221369686904
9495,0.5318826302111845
3077,0.3813059098351189
684,0.3617513354031197
8819,0.49175507119027756
952,0.40121493643197925
15832,0.3393822869416489
1834,0.455173381419228
12193,0.45593512685417625
3700,0.381171447542879
14378,0.33038423236130604
17369,0.39475727725882076
9968,0.4477645198359511
16473,0.3950900097945483
9598,0.3786861204254729
10802,0.3683004524412762
18094,0.3419423653614179
11020,0.32841416977907884
16130,0.40890261196466454
15914,0.31566290372519734
15318,0.47772201525193064
9803,0.34635206853926037
7100,0.36272990805647043
2429,0.40875221713604226
15720,0.32606522056698023
1028,0.42427981579694024
18796,0.5443376524915352
4458,0.4547335002661122
13943,0.3479094861844339
6615,0.38716612309545584
9897,0.38314926488301265
5282,0.47880317208573064
15845,0.3322233922351994
9032,0.35574803307001907
5679,0.4340657050296207
9927,0.3733372541836242
13786,0.4105645667260445
19504,0.33934806695094194
16773,0.4956255991397694
4426,0.40252946458020533
3884,0.42411520948206505
1137,0.3886881686158063
11552,0.44893450047287725
4206,0.38717760988127053
10812,0.4113371756202832
1621,0.4019867629354445
1103,0.35827357359856477
18684,0.5618920091543603
7672,0.47952876066975486
17836,0.3198361299666452
14439,0.3679150094536346
17795,0.33269354755091557
7459,0.4362269911195369
11479,0.33938608530922176
9926,0.32474573543826735
14910,0.472503866400818
13127,0.36064191533013173
707,0.4028966948310284
19394,0.3127629898234031
5005,0.4517784826545539
19223,0.343060040080545
10192,0.4161463991757342
7779,0.3430290268659411
14606,0.43381216120231453
6284,0.3520931751282626
4723,0.3506659975596987
15996,0.2955191671111475
18489,0.47827871530526933
11910,0.42577120364193216
10790,0.3397973178833514
8048,0.3818349167149994
583,0.3964656179667776
17518,0.3277058172536115
17454,0.34012377222610435
8740,0.4044589602425581
18475,0.3946624137875145
15343,0.49405936914405496
3973,0.39095702141711075
18680,0.28698967342161746
7940,0.32457373150949476
15829,0.35597455604246275
16684,0.4150028354837403
15974,0.2660413432039904
17888,0.5699967566802442
11323,0.5026448927148435
3575,0.33946010353615264
15077,0.3366306972593594
685,0.3769265512740192
18074,0.44771308689862593
7862,0.3410753286574775
8308,0.34578164033137715
13557,0.4319015513304523
19333,0.31450559779352727
12757,0.4093953319573658
15314,0.47360944306128155
19611,0.45256163384239934
9438,0.34512062628229395
1679,0.42084801140511385
11825,0.39384114006914667
16258,0.4643707346779239
12772,0.36241673004101144
4168,0.3858146122664985
16620,0.45473806379949694
9983,0.3531275860380346
19177,0.47792564294295137
974,0.3615337760472811
4221,0.3274073298934552
17916,0.5603082081999053
15525,0.37453513645408787
2824,0.37402987699238743
11826,0.43346852107425754
12455,0.33030000109084273
9873,0.4042586625159086
3830,0.3109671860679795
17183,0.35085619957647585
17940,0.42457471119121154
18073,0.45946237239778726
3336,0.42494896622449285
10945,0.39166255459811533
6528,0.37174639378509755
10967,0.40068127163363015
7170,0.40416349496850107
15700,0.39942075557803197
15065,0.5264410505866464
2864,0.38399778820690017
10140,0.4003393274968154
11664,0.3320862503393211
15641,0.34423617717578536
18114,0.4801663742703998
6815,0.4735930414440259
1538,0.5136326701647943
29,0.36534241483686425
604,0.42751692985742595
3223,0.4482560728644977
11738,0.36767855627686163
10725,0.316472784346073
12655,0.36471967561040464
13310,0.3865902128854453
14563,0.39834100482908236
6031,0.35333433463646224
13897,0.32774128567839395
5430,0.3048672859985117
2287,0.5445090741868187
10083,0.4089918492754632
10912,0.3829200313887441
9224,0.41384695088147755
16029,0.31221361862656566
18121,0.6327234256834721
3268,0.4511891923310782
15704,0.394868527840373
7496,0.462580411795138
13733,0.39533124835571976
5034,0.35256213493215344
8804,0.33970923522985536
11533,0.3736532919821476
4439,0.3416023247704423
15439,0.3810399956910523
4931,0.35580371826094737
6521,0.44781396301953263
16944,0.3532901059223226
14400,0.44971692856084977
15569,0.31612758278769276
17029,0.5451310280595733
2077,0.39039904717654617
9022,0.3770488197863712
2281,0.41670839253767783
3467,0.36850211880027206
15154,0.39398831247811583
1656,0.4771919152394137
5967,0.41069516826212643
16929,0.3825101278291358
4797,0.47388954214112855
15007,0.39468058259037475
16073,0.595452046183023
15031,0.33539702842929614
12687,0.3722727553905004
12407,0.3167699654292124
16205,0.38150289364058426
10612,0.47000876979292644
18261,0.39457710801123935
6619,0.5093908480649908
15049,0.40142810701795917
14843,0.3987352091191831
4717,0.40121493643197925
15960,0.49503677677621005
15680,0.33749075843718246
14362,0.35478218579758913
11192,0.4139476162778066
14715,0.42696426181416003
7995,0.36655621304937386
10439,0.43164687782674954
5469,0.32436930200917774
19486,0.29631920443443094
10250,0.4161359449555704
13570,0.37589812870575695
5002,0.4027212520860222
16847,0.3039680695616962
6226,0.42403791728980345
6664,0.3708856623947366
5548,0.4356154856171521
11259,0.4199066638353145
15737,0.4844035700186974
9654,0.3884168374916088
10415,0.43516549551093153
18051,0.37980443585959406
10691,0.26957180236062545
19214,0.37737015603986873
17403,0.5043480806198286
1445,0.3397262447457107
6880,0.3536438454555679
14067,0.3874612616384273
9724,0.39094022446537
16361,0.3215816171451589
14713,0.4545675683321572
17389,0.5586478053092163
19382,0.2883592516168038
6517,0.3856495838044658
8119,0.3918149338542322
14311,0.42857175814981874
18768,0.4728627298561357
7890,0.4294881472546822
332,0.3724971947604114
17020,0.3748928336119557
7956,0.3862925051312639
4570,0.4381428325694986
15456,0.41402371855378084
433,0.36917668155371564
5630,0.4124756345541486
16064,0.28067515832393786
8566,0.38630108817862596
4265,0.31617788820883935
11475,0.34139341653705124
3090,0.3955348132497705
2452,0.41993257026507047
12267,0.38141476431349636
10583,0.36141254588095095
6183,0.31439606912872287
308,0.3637886159226142
15181,0.3511519654551951
12699,0.34094525439726053
10328,0.40162226804111956
13775,0.37140248767114187
11867,0.35313631435981646
7527,0.3242353667995382
8917,0.4220675939433171
15900,0.30529489007326593
11618,0.4262475210553725
2808,0.5348175761767552
19073,0.392708306332413
7163,0.4450356244904619
15762,0.27822214896324693
8971,0.346407389829185
17140,0.28646393591526015
2549,0.3970377624921347
15331,0.37605535141282764
17370,0.32688354071776343
11573,0.4211843109648029
6855,0.3287251954658499
15559,0.3698768905392243
12666,0.3839120413972412
113,0.6003919498169195
2342,0.3545956723620539
3662,0.3879585172114846
15039,0.3009883366415886
19357,0.5943797114312771
989,0.44118341698321295
15977,0.4616563465903202
11154,0.3261811201010596
9192,0.38371927629453617
18933,0.4444726592130118
14576,0.354080865844208
7822,0.3383453495692927
17494,0.4501173843812966
5432,0.31265267114340306
3886,0.3123229724985936
19099,0.5640585254536699
17444,0.4801667486790885
2642,0.3799415799881693
18575,0.40593035672910477
19419,0.32317865129491813
14837,0.3052845967392497
17583,0.4058817970414882
541,0.41148416762761836
925,0.4028883705132761
2814,0.32065928752298817
19321,0.3538227358760259
3681,0.4191644271679936
7578,0.33587986477492854
7804,0.3505786986189738
8736,0.3899237874528242
14610,0.31215918164544915
6798,0.39468058259037475
4105,0.3127473657537859
13721,0.4548120620351941
12498,0.34506926661679055
6786,0.4172856716643666
9649,0.3990577841993074
3925,0.3412880310177543
6970,0.39923591561540434
4371,0.3801191249240226
2903,0.3740742623353827
11164,0.34568966210949276
80,0.4007429492473436
5190,0.3535994907823055
17562,0.35108192645743275
14141,0.3725235107478861
8287,0.4135835405451505
411,0.30650853015843493
1134,0.3516672926235644
15565,0.3536236135100736
4317,0.3261811201010596
10076,0.4155338585453315
5891,0.3917531023598491
17195,0.43240987560226274
14646,0.4118382451398206
15792,0.44672279159150646
9107,0.373450450270986
5361,0.36488451454078547
17503,0.30345239286440734
3438,0.40989203646347516
613,0.4176612161327244
8955,0.4037791504128538
5023,0.3357015022067396
12087,0.34114683595944323
14692,0.3318466455962443
14154,0.3554673229441539
10225,0.44444386260228175
9812,0.3996876794003937
2513,0.34364370832378527
12279,0.39562386978922204
2165,0.4217259989888439
8865,0.41320983155129043
5800,0.40277720184350896
11100,0.346403170530391
129,0.42754716194428183
15122,0.5409702761549122
9581,0.4003393274968154
15400,0.6521825937144464
4437,0.3228633360953682
4936,0.32841416977907884
13375,0.3313620288093287
2441,0.35991874354290887
4070,0.46969424261082426
4840,0.4032595527654854
13182,0.3520931751282626
7385,0.3602009592022887
17666,0.4753210012947236
11947,0.33785990700303103
3656,0.4191644271679936
1486,0.4688248635420244
10787,0.36424510353219247
5581,0.33269718974844237
10856,0.37985490753974405
18775,0.35539118349199045
7186,0.30786748414142
4983,0.4704754184383082
14724,0.34569030000222095
1462,0.3737338690089452
13904,0.3031613296505975
1179,0.36350147429789403
1554,0.42636433850721245
12135,0.3887729683345225
12130,0.5698303976364836
15273,0.3229291008301526
6767,0.3868512254861836
1640,0.4400191614396589
18014,0.45558229846440096
12364,0.3479094861844339
7277,0.41130107918802983
17245,0.4378452480714419
18516,0.58086288843233
13132,0.3435949290465328
9113,0.373450450270986
14772,0.33154556856857675
13848,0.40278034588679745
5311,0.41183451668573506
8585,0.43084753355176447
9252,0.4519098332741336
4476,0.46059948522445693
7931,0.3134083201247632
7311,0.45871139619861495
7434,0.4066362914920366
2608,0.347554692185571
11180,0.40431182296903345
17396,0.5379227659265329
15286,0.29513730152758716
13430,0.37711587477082575
5920,0.390130346508343
237,0.44212257958690143
11065,0.37553848574079557
10868,0.3948642749952986
3982,0.35240137282310224
11972,0.3964076796047292
10901,0.35789238506890214
15132,0.5158666398768852
5056,0.44972489505184227
4568,0.4801011765876571
17662,0.43478797650633444
10291,0.35473576330677287
8451,0.41591991777926623
3972,0.3406741218129581
6704,0.3247826005468954
18420,0.40228523515302234
8274,0.43385441918286966
8858,0.4440388139963394
2509,0.4155699607743108
7211,0.4007059949033321
6937,0.4409490138414924
19644,0.2615031605641869
19173,0.3373981308269872
1702,0.4292623942710067
3534,0.4264344549145223
3007,0.6536091041664887
16267,0.5176145417324318
6616,0.38820807593472506
18914,0.3526378522207086
9688,0.32085503544417976
13688,0.3776519150252152
9150,0.42334104954299523
8941,0.4890125646225029
12688,0.2790230977642895
8020,0.45258395791438183
4510,0.33335296125028724
1558,0.5136326701647943
10380,0.4662620113239636
9857,0.4236380997794568
4272,0.5035312887754193
555,0.4028421662090577
9306,0.4551536540178509
9954,0.41722398016738776
15258,0.3613735386866676
9905,0.31601188791135937
1939,0.42658543411634964
5501,0.35133551714868505
18469,0.5163579557206539
17725,0.3627951651176627
16724,0.436521937094623
10203,0.39477374608771976
5418,0.4535618119740128
4078,0.3563728966959568
11389,0.3955788856962399
8353,0.44145119303252695
8309,0.34764449426761873
4192,0.4218537653587522
14230,0.3516256068682774
8433,0.45292651105188514
18093,0.43023028533648017
15197,0.33419591023452094
9596,0.3901944842698492
5613,0.34635856017638167
11644,0.41659407117379715
14150,0.31737571942919873
9681,0.373926751932884
15350,0.41749385590275334
19717,0.3220868852593116
7,0.40124078986507294
7949,0.384786189477221
13683,0.32186596393651695
511,0.3615337760472811
6154,0.39166255459811533
12634,0.42688156556523227
867,0.3444168777444222
10642,0.3838521386741267
15134,0.43339378869000234
8368,0.41966896033901724
14364,0.3656744098653571
13846,0.38076608357312197
5037,0.3188785632794669
8929,0.38022830328177826
7834,0.4466454874204222
12040,0.3117191436687734
9827,0.39477374608771976
5756,0.4003393274968154
6808,0.5194595542100042
5157,0.38774534684877177
19001,0.6175861786638598
12826,0.40469487777146174
8867,0.3410146494590063
7657,0.39533124835571976
16743,0.31312608309485435
13502,0.4240878952015373
5869,0.46070187051864947
224,0.39082584622837113
10864,0.367316629018918
17100,0.4917457895776202
16416,0.33890565759086794
8973,0.35849050319879466
7858,0.34080866020370354
16329,0.3158672906544155
4710,0.43837119989736384
16799,0.5958489444164023
6091,0.4046536345687402
19071,0.4603934254030687
11542,0.41811666340094866
18400,0.5095473404910509
10834,0.48179787286451714
19107,0.2822046957733602
7846,0.2939732932492723
4154,0.3406741218129581
1444,0.39812925973014557
2631,0.4476569102313129
4237,0.40941150616712296
5009,0.4675503864297631
10516,0.43042033220555115
6626,0.3520931751282626
14573,0.3643495974515021
15855,0.46618982627062755
8201,0.4095123798381276
11771,0.36252229769938604
1623,0.41181728492977826
16632,0.32765663077037643
143,0.4027212520860222
7402,0.40033878880344204
3030,0.3670086971565791
2170,0.3988098345414757
9214,0.3871485951426202
18924,0.4172567997255586
11421,0.524708953902532
12153,0.33254553183959734
7743,0.38894493787374185
7201,0.46796419795534605
7326,0.4743956673342078
11578,0.3500678505562869
1709,0.4995109452695219
19968,0.3193529002187762
6107,0.3174270980871127
14000,0.33269718974844237
7530,0.4117079782457476
18691,0.4220899938647204
8026,0.32310875667770295
5759,0.34881142387867026
15995,0.3162108983635346
15857,0.40600576540107425
8127,0.2991716867694916
14858,0.35990514433089593
12831,0.5520971083356393
395,0.3435050763543162
7286,0.37025358370249567
4153,0.4261341372964596
12630,0.3762528877911535
4310,0.4441161060302002
16585,0.4519168423149114
3903,0.35822825212214215
4694,0.37040022440425946
11597,0.3571542234332677
13588,0.3538662708990872
8454,0.37273828412175103
15990,0.38699276651700465
15480,0.4497704989161609
5837,0.43404820389831994
17165,0.32182797507916827
12260,0.3773028096687259
15440,0.38776522762024374
11930,0.4198635604860736
7388,0.38851151869263856
17528,0.3390347284345876
11602,0.42840832177831834
836,0.3677235950171659
5488,0.35790459259644286
14455,0.48472277469801245
7845,0.40575674261255323
4605,0.34941674071226664
9173,0.3728240737073032
5427,0.3761517576219893
18771,0.4207144287567034
14146,0.38734799746021426
19855,0.5464271686791429
13218,0.38404062796720234
17736,0.3483908152203547
4329,0.448165394475649
11380,0.34923809815053847
1053,0.3469688287232772
18053,0.39266453539221324
2093,0.44499127494670776
16894,0.4643614748068608
12705,0.31549256145256893
12866,0.33269718974844237
4333,0.3444500392691714
10078,0.3571542458501815
14171,0.33573837228434483
17068,0.46221676042990817
16639,0.4316331678979856
18218,0.47982791454822094
17813,0.4514562899008392
8705,0.38237450645863896
17968,0.3270592480186758
9778,0.3801978856298124
3099,0.5281125278713006
15858,0.40600576540107425
8011,0.40519137651865617
7320,0.48149431181942837
6511,0.3935442720137346
16468,0.3659708237968476
5213,0.3336147571637957
11636,0.3459367976025892
12175,0.40972185697298336
15207,0.4107756492743488
9350,0.3735268698692961
4082,0.37002177739231057
4006,0.4112515324384713
402,0.42427981579694024
8543,0.4914425954497915
15101,0.3738413303767455
16895,0.559772822105487
17383,0.31017648996160807
1643,0.42591246260378296
3908,0.3163492492521431
7987,0.477174516789018
2068,0.36780747420760007
5383,0.38666358595144934
18519,0.30758608741414706
6056,0.4485692801010942
4943,0.48284307987576736
5971,0.33939226765623765
7018,0.4189203579506178
16507,0.40718186391871813
18184,0.3895104171197445
6419,0.3563806727306857
17692,0.31000281044134115
15342,0.31164554680980533
3148,0.32641216465059986
11981,0.3625559562424954
13253,0.3578279456499961
14226,0.40864034358136525
687,0.3789506539897883
7167,0.46343541279445394
14265,0.3654546038392469
16769,0.42163917568564613
2933,0.45789198178063795
1027,0.4261341372964596
4565,0.37516066581839175
16687,0.41036400778181553
6879,0.36176233863764345
4567,0.39053525609392675
3684,0.3449818169175226
1856,0.41727992992487445
8254,0.40250822911415934
231,0.3518299723262326
3383,0.3648761181632555
1116,0.416254221629494
10510,0.3614577496788982
8402,0.37802652053671953
3705,0.3615337760472811
4776,0.3152852522253836
8826,0.39560060609101894
16442,0.3753627248443902
4,0.6115122782070384
1254,0.31866806408226517
10546,0.4486559367150038
5509,0.3156300096524394
10956,0.43209278164348786
6923,0.34116644046232897
14275,0.3837346613934187
15962,0.4232108340847443
17159,0.3631749208918972
11300,0.3129857337928558
6036,0.32692633568112994
6104,0.33554326948230756
4291,0.4383342304026954
9733,0.39094022446537
6421,0.3125294514795091
14763,0.3442510254883477
9939,0.4027212520860222
9064,0.33293936872908264
17699,0.32226892981821215
3302,0.4219757510242442
15917,0.46073892209545375
6310,0.39875388478398904
16394,0.31069664627393867
11105,0.3520931751282626
2219,0.4640810822205902
13946,0.3931093107029591
10397,0.45537294495016906
19066,0.5615052063185327
10759,0.39081261120011557
2515,0.39360348996683425
8732,0.38680225699797693
18307,0.3421969249461409
14274,0.4117341727093551
9341,0.3494862331837978
10822,0.3453294040928189
12025,0.3163347511080654
14012,0.3461668708771413
13434,0.3561543423520758
10563,0.38632902324111223
11388,0.3434934261170529
17062,0.44429229042577456
16673,0.6010622026470137
10987,0.39875388478398904
9632,0.43011834851023717
8231,0.40474310015697235
11537,0.3812381343447182
16643,0.3997019424284052
15214,0.439045219924735
6801,0.3567362841325238
5038,0.3653305391832441
8533,0.45501231119996777
12379,0.36170138016533177
12698,0.3867228420061042
3172,0.43164687782674954
9218,0.4750456581613025
13372,0.4424682542930608
10183,0.35790459259644286
11438,0.3678286974234378
3331,0.3459351494413536
6940,0.34635856017638167
18245,0.2902135241551979
10540,0.2994276559793101
3754,0.4862604937200066
10762,0.41850075652777624
15982,0.418440509236614
4385,0.3498071323775502
6128,0.3751155769558349
3671,0.4043592885369665
8919,0.4556184197926502
18065,0.5079075764917164
4388,0.3444268290603411
17237,0.5227085608739934
7731,0.4011815731897957
16754,0.4251948098891218
9832,0.3373966580981252
14928,0.3163347511080654
3750,0.42872607876432506
769,0.3679452166432735
4185,0.4015452934279593
9097,0.37043242227872664
14691,0.3320862503393211
16870,0.44725875805527243
8591,0.3697627881370758
15205,0.4254392566763068
2382,0.3367613896938075
6095,0.3880667336795767
7777,0.41100332643704235
17042,0.400098301957439
12725,0.338387194346314
3122,0.3685424388228639
7421,0.38868392553531345
4978,0.4040706534876842
19895,0.38879876678453185
17077,0.44721580506514114
12480,0.352573631633221
18039,0.4981375722827468
11263,0.3722727553905004
9864,0.33080495453846065
19799,0.3069958946418218
3037,0.37703850788446247
11821,0.34179360760454197
16963,0.445974971587083
4337,0.3794123399271725
2057,0.41204763813098155
15358,0.2994638118569197
8689,0.3041346086228111
724,0.3910438431175087
1065,0.48396883393111667
7692,0.5220376275924667
16759,0.30267682175763494
16335,0.3170634925723338
8945,0.4836347504092092
5586,0.4628080981497293
4914,0.36047806998459064
14666,0.41870939940734886
8853,0.39642254375399405
18454,0.406932688183012
6057,0.45018557120830643
386,0.3936968112237925
1250,0.4027212520860222
18402,0.33652192501821704
4478,0.31388280949852526
15091,0.383706495757943
10959,0.4140364141108845
4171,0.382083404482975
8459,0.43303286545339714
6697,0.3073409421696683
11461,0.33065018556550546
3005,0.6630608302250246
16332,0.28525912461800945
17541,0.364718087415429
18077,0.5922829746548516
11687,0.42160859048565913
9950,0.40822904492504103
5993,0.3634324116674693
16126,0.39120217252688066
16403,0.3140345324156216
7679,0.4486962077759399
6862,0.3796526595914496
5725,0.4015727090185268
2729,0.3510738281707276
6691,0.3825349839725852
7942,0.34635856017638167
2477,0.36598792545159653
14674,0.3710858215386658
11944,0.3713827764066347
9558,0.4027212520860222
11676,0.35939870072294505
18236,0.31257457719636206
8275,0.4981781014777415
14248,0.40799734642926344
19118,0.5708552563484275
17991,0.4048932423370584
15239,0.5042669086512382
7331,0.32694766452072116
1192,0.3223268326955211
19317,0.351014960191233
5770,0.42427981579694024
17232,0.3483908152203547
6004,0.37532936566740804
6392,0.3199445667903405
15885,0.5245237686643907
11487,0.34029929768290534
6814,0.4735930414440259
7171,0.38426203135765175
13901,0.387649586672071
13957,0.3366584527890296
3364,0.396562300005994
10414,0.397873966848492
16046,0.5845087216171164
7077,0.3631504502103457
7570,0.43164687782674954
1344,0.397873966848492
16156,0.45596167807526206
6431,0.3921738920541215
11746,0.348638041573204
6442,0.3408757709765962
9315,0.43968799242460027
7626,0.33469915055162075
5622,0.3575012342231974
373,0.4214322990064887
14958,0.37417188534991425
19283,0.37731672917933395
17044,0.3475491599517846
5498,0.3103544646637462
5482,0.3654546038392469
17775,0.3378967127585864
8279,0.36903423274830577
10574,0.49072476456271685
5249,0.4084234600094582
14804,0.3546027924484141
5996,0.43859198412833456
2574,0.39039904717654617
9955,0.3362466653284643
14443,0.2837496103902171
12192,0.3838367640500348
9281,0.41524660661551904
19072,0.4539591579115063
7093,0.3398643596786547
5700,0.36040120752458116
11492,0.34821283731697145
8679,0.41220562365239294
16341,0.2910624059871323
4283,0.33335296125028724
313,0.40121493643197925
4971,0.40731540863782234
13299,0.3761449121171278
3355,0.3872867597965315
6408,0.3603959566375921
13496,0.4094863268301807
236,0.4169816899134962
3713,0.39288760454992183
10407,0.40935239150325803
1297,0.32085503544417976
16014,0.3983994828616485
15030,0.33065018556550546
45,0.4436768912467872
8876,0.42239263873215566
16837,0.5960555673934704
15511,0.5364666531392714
6112,0.4375486166138434
8693,0.3816620347893814
7572,0.34673008325099186
8556,0.3976667250582468
16268,0.5499872601101919
1685,0.39127209786611605
10103,0.4595346645601756
11997,0.35603308531498906
10592,0.4313377567448645
10093,0.40121493643197925
3095,0.5921861870152683
11116,0.3031613296505975
8242,0.3869753954316682
10914,0.3652212125905558
8779,0.3913954552652372
13267,0.3783094326713867
10201,0.40162226804111956
6319,0.3073409421696683
15391,0.3388555741896949
15163,0.4842032740486907
1896,0.39327869798831344
6611,0.3535521705000117
13076,0.3479094861844339
14730,0.3463137154509381
7182,0.39478968169169404
7397,0.36611058510080513
12049,0.3402022370028494
355,0.333989888954911
7254,0.34372147252697044
19193,0.5581936929450372
16191,0.31753027541214374
10892,0.36122153099448373
17553,0.5472594964117762
16725,0.4471156086951695
6942,0.49255852226534275
9394,0.3450274873987182
16749,0.42794973577519446
478,0.3519517284257238
7375,0.31111204223194594
19448,0.3384622086057714
4484,0.38363228939780153
49,0.3802758415879316
17124,0.36019524883962356
1211,0.3222602049275943
15490,0.36525108741422746
3119,0.3643507202194062
18331,0.4756492637659812
5360,0.36821024707636907
1596,0.43166798826779557
10218,0.36850211880027206
4753,0.413373528219527
7989,0.31426544076163976
4497,0.42147301217650945
19517,0.4414096542421188
8686,0.3423327217738032
5092,0.3629731588129478
11633,0.34183904609361226
17539,0.4253541296901847
16784,0.30205792060150277
16544,0.45672885061585716
7380,0.3956567128329225
11225,0.4003749406657839
14737,0.3247709357416647
11021,0.3396405203054003
1430,0.5151389858188372
17362,0.38365130980979995
3930,0.38415620022998986
11039,0.42732521989718253
19513,0.3210644992750274
14446,0.3156300096524394
1835,0.4650158314691512
17026,0.34201787747797013
268,0.46652790532573657
3167,0.4152188997405046
19138,0.41350109528592244
14869,0.4396729360624255
1464,0.38936632940871957
1101,0.31828171861396587
9529,0.3728651895767617
16233,0.31453297101651145
12753,0.3629096717717741
6504,0.38325493327587024
13144,0.49471665073854937
9696,0.3367877983272561
18176,0.33121840969104804
11587,0.41514108365030983
10372,0.3141085650101589
10948,0.4747896683337305
15521,0.4711502464050167
1839,0.41651930008408466
11529,0.32754134148623637
3829,0.3199445667903405
12140,0.3161922341174924
13672,0.3851927043772329
13316,0.5125765477096058
3429,0.41758560028053504
11061,0.37489676972331215
10438,0.43014056217270663
8405,0.4082166785718488
9517,0.42830882298501755
7259,0.47382544461257925
4712,0.4679838462547793
2669,0.3777012363109784
19779,0.37537357741915517
6568,0.471963946073015
9448,0.4004641934788104
17696,0.45451532615670354
19707,0.2863973319894529
5745,0.4136514124512921
15353,0.41921376302537683
6824,0.4726501033021215
3790,0.3128784212451528
18028,0.4374148524747747
1036,0.3519924760500121
15238,0.5276019351702816
8175,0.3943967809552739
755,0.3359324484408987
9910,0.32521303823489606
13756,0.3305579629294446
4239,0.3692726380070951
3448,0.3668579173601099
6330,0.3732980567329808
1490,0.40166798402209725
15424,0.4879418413957193
2437,0.42119134746942105
2578,0.33238419421235565
8252,0.41223111525163997
4979,0.38697411560482714
169,0.34204173871756693
16406,0.5280332397020868
2372,0.3778986754227597
14459,0.35694180811893605
15397,0.40390734018520646
13568,0.44189845329838273
18760,0.4510375503789162
17843,0.4184760778919692
2085,0.40687979056018714
14058,0.326427950210846
15866,0.5417414640462757
7047,0.39875388478398904
15611,0.3746066293061132
7227,0.4032595527654854
2197,0.4557579746939411
15980,0.44800285529616724
7752,0.39302733804291257
1638,0.40130223537270415
5370,0.31372818800880575
16062,0.5226127669707895
19290,0.3447634060858135
8742,0.36903423274830577
5200,0.3163347511080654
6269,0.4773119897445093
2636,0.4114246872787325
8404,0.3871208670638921
3134,0.39938730795330124
19228,0.3755092613411464
4000,0.4299789977540004
15175,0.5273098288178247
8778,0.3646153917976715
9425,0.3987352091191831
17156,0.3962836920074326
14664,0.316472784346073
13716,0.3805369224196558
4033,0.4326500766443341
18303,0.43532029796070254
16771,0.4499297871042798
16095,0.3849492308590004
14279,0.46781954711569645
13391,0.3795474995685682
17850,0.41315752848716464
9769,0.5235471247548371
6984,0.3557832906066526
3710,0.33890952767960314
4118,0.37573277516498227
9804,0.32085503544417976
12543,0.33269718974844237
1038,0.3565701657170822
13011,0.37931543107704413
16539,0.4157608650231337
3831,0.41750820609907946
17741,0.3357147256803847
7050,0.38557192334451384
5239,0.4082365651539539
10424,0.4213195596768688
558,0.4485654670942452
416,0.42015482570644036
6465,0.3432336280916071
13988,0.32717912218464246
41,0.36229765335026065
15267,0.3369363888222417
17934,0.3675192877826943
5084,0.3200235075013775
3190,0.36627116068717236
9191,0.40585770486754236
16973,0.4856144391862922
4986,0.4690591018158884
6062,0.405415145614938
7092,0.346403170530391
8554,0.3995693972167111
1260,0.3481147192950673
7332,0.4183572448320307
6860,0.3314257421421887
5138,0.44256303463580765
13631,0.3479094861844339
15140,0.36749017861891736
18336,0.3508348638286938
17299,0.4508687290301624
12286,0.35349154578670877
7123,0.40067244560329524
12780,0.3242483886802532
3582,0.3300737032044946
18504,0.507144158396826
19806,0.3626598112426201
2720,0.437566464599564
14296,0.3870988783564624
1924,0.33915538020139757
7941,0.37139806143898
8372,0.311804893148002
19038,0.47002813730391874
8316,0.3091823998789836
3585,0.328500422771685
2796,0.5270581982542866
6692,0.3969775069206483
8575,0.5655336129862764
4294,0.3779026389435818
17196,0.30558818677650434
17493,0.3090736421089832
15494,0.3325881247005857
11373,0.3772348179554288
17290,0.46657724568300923
7733,0.3390477233260093
4589,0.4039808493024607
4686,0.38976541293899913
13328,0.3650887053208167
10852,0.3307518386591908
12139,0.3234429297444898
6915,0.5280479737189978
9429,0.3796987302436601
103,0.40062114952891725
19285,0.3947816749107963
10508,0.5300841916416709
18910,0.36009987992367176
4898,0.35200771306774997
13606,0.4279180876274061
2572,0.4521553779332776
4404,0.37304743442250715
4391,0.3841809423161898
12478,0.35256213493215344
9112,0.373450450270986
6868,0.3242353667995382
18204,0.5080306707849729
19088,0.3254532015753958
5916,0.3926167725785048
10807,0.3973858390755231
18986,0.5534142409798704
15541,0.507258374966449
5856,0.3702099966822713
14136,0.3482318226024826
2445,0.38563137728421215
13665,0.39924995392113927
14410,0.31733082468155266
12016,0.30272927260007176
18522,0.33833476201494744
12859,0.4279180876274061
7639,0.33439454426713183
11451,0.40429102438039777
9913,0.39724756912994613
8267,0.38367223348288787
14102,0.401492516016777
10428,0.41506336069745203
11637,0.32266862119209566
16580,0.3619357753025389
4816,0.4428737325136274
1467,0.40166798402209725
10005,0.40381318586978804
3324,0.3115325514199706
19854,0.410793540029737
4164,0.5066222067562015
13857,0.35572037407790735
11878,0.32021512484306697
15725,0.4226688552496452
17356,0.3613398182265468
10713,0.31574341761829616
5654,0.3948657722528583
7219,0.38962714300698775
8597,0.587488579755866
5815,0.4002288898772829
11722,0.3956962937875332
10401,0.46368207536103606
6819,0.43758030506120865
12627,0.3516108277316381
2740,0.36964766735273114
1002,0.42398633933275925
15360,0.4468971477894369
6541,0.30616504950214696
14800,0.38677999274674174
11553,0.32302519941800795
2734,0.42416472163580254
1319,0.3780987853401585
4830,0.34376201212968266
14457,0.30786748414142
1582,0.5043480806198286
18399,0.5095473404910509
2523,0.39908066947676674
18997,0.43574832583519624
7962,0.48719765677552074
10978,0.33652848738244845
17078,0.5405373116646721
17339,0.28529717473063254
12618,0.39629599734573695
15080,0.37717665851969434
12647,0.3353533340147638
2049,0.39338940984052473
1506,0.3943733491294551
3219,0.4193347029352301
4582,0.4405252366085948
829,0.48126191410063873
10020,0.39094022446537
14501,0.31100608947942
1536,0.405375149748109
14809,0.42444349772590123
17941,0.43091788690315497
1789,0.45471802430524444
3070,0.3862467724351649
10282,0.39759979207053714
14315,0.38068183041465553
190,0.3881124025052035
10731,0.47575036316931824
13444,0.346403170530391
1677,0.3791927182069273
17881,0.3047569177239264
12366,0.3446077655122952
10866,0.4060165936063662
14385,0.3300737032044946
4509,0.3318466455962443
7340,0.37390075979496473
8106,0.3513727740018684
15339,0.4443503247229115
675,0.47180507688425766
14981,0.4089452657166551
12665,0.38088823241285635
1451,0.5426400404231783
19886,0.3343902297644068
13367,0.3907262154575329
16048,0.5191828241022076
1011,0.3938241448672537
7157,0.402502761160196
13250,0.3997658044221051
8724,0.3556452789732944
16166,0.36424205902049805
5631,0.4203420530205357
15174,0.5271987183242358
8861,0.4093095461570382
14325,0.399173586833448
11418,0.3179191127894896
264,0.4412682754038626
19296,0.36960733542249663
6618,0.37383104011184004
7291,0.33269154508254745
6608,0.46915259248722774
16579,0.39653959179306963
15246,0.2968446724068139
5398,0.338387194346314
9166,0.3461771185280111
705,0.3594232713713063
5656,0.4136811867295915
17433,0.38670680171489197
5982,0.4158997573659508
5904,0.4236380997794568
3881,0.42698940080765124
17505,0.3474080441758195
7820,0.32813535772459795
1496,0.4342841213903434
2731,0.3739745707158408
7139,0.35140072837658254
8097,0.3536462950260843
19121,0.2903797201699704
17721,0.5500982927664646
5767,0.3669037949961183
15807,0.47053242690276115
13639,0.3270896083245418
12667,0.4279783338072989
194,0.4085556561955017
4234,0.3498071323775502
17945,0.5273052809951051
388,0.3615337760472811
3290,0.3949593023127347
13776,0.6593759904826024
6650,0.3901562389440724
7185,0.38734799746021426
4308,0.3855449121376157
683,0.379802350997391
7611,0.2860979969132062
14525,0.338387194346314
9428,0.4547552154050875
8520,0.3653454791997185
19507,0.33384168696841177
9117,0.4336579698912433
3664,0.4130197165694789
8785,0.35776978114801367
19022,0.40624678409002707
4054,0.4915249632032816
16705,0.46468983250554186
6559,0.3615337760472811
18190,0.4947435620527976
17564,0.3531337485925069
9279,0.4069024710476996
4368,0.3583296831527268
10144,0.44178291641338774
5534,0.4249905991071833
19506,0.31241474242042694
11441,0.37524660175709196
9884,0.374180731506087
8298,0.38406465235151177
17713,0.32419812725134983
13704,0.4499623524790113
16778,0.5454554808078341
6732,0.4513413177588755
16039,0.28732723948054684
11741,0.37227047968893595
1044,0.3156300096524394
5961,0.3761517576219893
17976,0.44097193123996264
18246,0.5247152457021275
371,0.41751136374626285
4621,0.38597301352204433
1848,0.4640810822205902
5232,0.40923710270103114
9271,0.4013266480179192
9056,0.36423832447377474
9775,0.402421152293467
9779,0.4116066298591813
5192,0.40079595397497225
10604,0.37978348943915624
15344,0.5632917660824645
15171,0.39280210389043757
1551,0.40796856276912574
15817,0.3007821604468356
9241,0.3462603733881726
4445,0.4415324922069647
86,0.3761517576219893
10336,0.44740874319040363
7869,0.346403170530391
19155,0.4007839908692045
5870,0.3467929058878228
19188,0.5499612382496648
18062,0.47769289811259613
11037,0.32368220008202425
1889,0.42118264522805027
17174,0.3422780966956379
4930,0.32923746610064153
9872,0.4281637795190152
1284,0.3300605082988594
11777,0.43452101858112346
138,0.3762130969175415
3872,0.40810623480924313
5490,0.345595464636906
8317,0.33999539032915854
6527,0.38989386624876826
14746,0.46115083319460737
8276,0.45187938390210514
10405,0.3882332341474129
14662,0.32483344382202595
3561,0.3796526595914496
11627,0.3563761721690757
4150,0.3005378431066497
1132,0.3907898654727791
18208,0.42256723400177804
11964,0.3598919199361952
16865,0.4449229996466199
14875,0.3289719823983784
16252,0.34168069223510866
18004,0.5090284994792003
7303,0.3449812463367222
9943,0.4377840208692639
2767,0.3676314686902703
14698,0.32524021039605966
1153,0.42365759599258085
11718,0.33885355889185903
7643,0.315870665639552
8265,0.38868392553531345
9597,0.37455193774356127
12743,0.47692607733701176
11241,0.3307834579380588
11357,0.3853182282598209
2082,0.5015578862560482
14714,0.4216121814163352
6106,0.36887854627981415
14623,0.3815377662562195
16200,0.5445122141415245
287,0.40089362360734415
9999,0.406993390783972
5633,0.3725679466813398
16920,0.4238939138430021
2330,0.3615337760472811
10736,0.3488909726341454
7674,0.3692552996246711
11906,0.31283646440763624
16900,0.3175147371853422
6114,0.3418753913482133
4511,0.46040640073451633
13052,0.5672248483036695
8512,0.376249841772546
4422,0.33269718974844237
2200,0.36272990805647043
16157,0.4097285565827307
1176,0.4873172282655168
3200,0.4586204979007422
4782,0.4051309447498913
2899,0.37382814348688886
15664,0.49716657818121124
10533,0.42962653824288544
17055,0.40174858054505025
6760,0.33342349271314503
9875,0.4158758005207994
10351,0.42127170063544267
18346,0.34732314004356946
18777,0.3924194371988323
6215,0.37731743876299056
18799,0.5443274573900421
1135,0.3568456711002166
19808,0.35762070272839797
6120,0.44934178872471386
7596,0.38868392553531345
1699,0.43604230095980046
2254,0.4243767967302803
15888,0.4180146421381089
6889,0.35827894718499914
13307,0.3449812463367222
10004,0.41765811151395066
10184,0.4059162737126535
9363,0.42227049503976805
1077,0.33342349271314503
13431,0.35893773734059886
15802,0.5026135426476795
13058,0.3271123392403071
2223,0.30833041828970015
15648,0.475459545570681
2289,0.4409039139472965
15364,0.4287254930408846
9011,0.4288363576214347
7403,0.32657476206549535
1156,0.367095126909851
11414,0.3818349167149994
4109,0.3751155769558349
3914,0.35814698725164296
18861,0.3268482014857355
18431,0.34364745159711524
4138,0.40935806853209483
3168,0.40554749257246475
16307,0.4332362216113347
5639,0.4394846203802389
10639,0.4176667263976969
10926,0.48138821160528966
7270,0.37139126938400435
7851,0.35797147223634557
13028,0.37547075508553396
3401,0.27438861520075747
9322,0.388126469743679
3058,0.40554749257246475
18148,0.3550785861198733
9211,0.49006079881998676
5454,0.36315615391451084
14519,0.3635312277288295
14897,0.5036902789729455
1603,0.33427466259062205
13270,0.3596225330728342
928,0.32278018269716835
7944,0.34635856017638167
19445,0.41147358269369944
7261,0.4213733083504293
10470,0.39469920386103996
15938,0.40084362953617253
5644,0.43859198412833456
1024,0.34428014779149085
8753,0.35776978114801367
5075,0.3551941676743009
450,0.32278018269716835
913,0.38402387250501624
5862,0.34292816207299537
8311,0.3814450453854211
292,0.390130346508343
4059,0.3247782802787737
4927,0.3652275744061917
16745,0.34472807912727815
19309,0.2908939120918364
7260,0.3931742669363318
10427,0.37076315396882636
9978,0.31918582373136933
15084,0.42263688700057594
6825,0.346403170530391
7758,0.349927484550463
5684,0.4292417281948598
12561,0.41160839112391834
11367,0.3621339192716824
12830,0.40627826250346494
19232,0.3917980701822893
12123,0.633576035056898
17347,0.5431542655300603
7792,0.4278275593977879
7302,0.3316897091736067
8781,0.4200846483373802
2894,0.38868392553531345
19985,0.4285913096661291
17864,0.4227642756652033
4098,0.4051309447498913
17315,0.4516553036435642
10648,0.36272990805647043
14228,0.4239285636918563
7979,0.3807311923167073
5672,0.4340544587474505
9340,0.417735381162222
16527,0.326427950210846
5887,0.39327869798831344
15328,0.44745149572941995
9791,0.3228398070216903
17247,0.4749088897518595
12222,0.3424402122304908
8712,0.29082031746092424
18131,0.3915047658181503
8037,0.39470418078823283
9368,0.4590244514430021
18448,0.33917313357047507
19923,0.4258962459341552
7089,0.4385154466996813
18370,0.5408162024259808
2395,0.3532600369883636
13692,0.3563728966959568
2199,0.41506336069745203
6265,0.39049771032450836
1726,0.47247472227682924
1434,0.3872079650368666
14332,0.38127015021340555
6571,0.3150779509504768
16614,0.4470116724304849
6952,0.4517154722738528
13562,0.3736532919821476
14093,0.3793061892935754
8107,0.3459314928090098
101,0.38936623841098716
2278,0.3710252280834806
19068,0.538982228499399
17076,0.408208341633728
2019,0.3615337760472811
19988,0.40220537187433525
16529,0.5779384242952056
585,0.31937346264807553
18900,0.3488736600178653
14096,0.4191260576134461
927,0.3797665335439715
16644,0.3259648456312267
10687,0.35291553248255464
14268,0.355084143585044
15979,0.3214461885156684
6101,0.32044101031346633
6011,0.3805513395092088
1069,0.3801191249240226
11232,0.39468058259037475
14615,0.4237834809157966
8709,0.36471967561040464
17754,0.5011874343765735
12167,0.3526556550008401
11016,0.32291907181151586
12305,0.43095328718356674
17601,0.396679342979842
7856,0.3261811201010596
4411,0.3761517576219893
6381,0.32714808097336473
7893,0.42987823143851867
7621,0.44884557666296787
13497,0.40157139180135437
17746,0.36110609616637607
8669,0.3734307654109013
712,0.4885022854688715
11692,0.3402404262083287
1955,0.39683383450717646
11352,0.3163662343143886
818,0.3195129734004945
7431,0.4023207743709251
1026,0.4051309447498913
9986,0.3702105480797832
8625,0.5100232696445413
1349,0.4125519327820514
15265,0.39025517165989354
1216,0.38717760988127053
8027,0.31376259759674097
4364,0.3591210403153992
18216,0.43176985776404486
4180,0.43206848936938713
16472,0.5248218460337595
18033,0.5565587248770597
14371,0.37711587477082575
7698,0.3440838135568614
11366,0.2838141568561071
18453,0.32228275246604093
13208,0.399173586833448
1472,0.3737338690089452
5832,0.3223399895704587
6642,0.3460002794753117
5580,0.4415664269064978
18999,0.34201787747797013
11179,0.5362491338491611
10611,0.4876181886106632
8700,0.3125592841868239
11604,0.33419591023452094
3799,0.432476073955929
2407,0.40954220714758427
13459,0.34872141957437297
16533,0.41032480198653304
5957,0.37589223338079814
18596,0.4714617237822945
10410,0.438210041776623
14876,0.3427718361020443
12891,0.31215918164544915
78,0.41877090504388825
11176,0.28403445928104465
4698,0.4152188997405046
5144,0.32841416977907884
9514,0.6094273923484899
2654,0.39574262878607636
10404,0.3882332341474129
6358,0.44161356308843097
12649,0.3438956040075477
12784,0.3569206810240132
10272,0.3780987853401585
9711,0.43318566950934745
7452,0.4096785758674501
15133,0.4684471246928977
18369,0.4701764113053985
10573,0.473760801836447
6494,0.32127278740400395
3414,0.3856470394546402
15789,0.46106755822501183
726,0.43823801635614845
1459,0.3691054322798645
8470,0.36601620475604635
9333,0.49620794928004663
251,0.37457418221738575
9717,0.4020507297715245
8259,0.41223111525163997
4412,0.4626639946919067
8967,0.3407772303881505
11434,0.4572078178058773
8303,0.352627250981035
11683,0.37671091674404017
12736,0.38728005934991117
2957,0.40348064108985304
1507,0.39541530196872426
13790,0.39343962382675773
14885,0.36096668140739147
18120,0.3368860042582368
5183,0.41380848065578685
10024,0.396562300005994
18856,0.3251008383719544
19116,0.5213214626531572
16022,0.35189189036308255
17477,0.49326445232238286
18987,0.539405219151534
17033,0.3539983562483744
9774,0.3819803361706713
19438,0.40424888544294235
1943,0.4030417646236929
3216,0.41580496345406964
7415,0.3860568321055171
13025,0.3810538152226111
3935,0.3479094861844339
3874,0.5044658942719378
10710,0.42871844250293983
4996,0.4383244731449809
8081,0.38987550026290363
10717,0.45143610275832274
4178,0.3737749214962404
15006,0.3931742669363318
11009,0.30685322907861334
14810,0.32462257218120866
8479,0.34059400140233587
18244,0.3587757484007872
16194,0.5621111347778088
5226,0.3617992675104785
5055,0.4578070704402451
5120,0.4414599061485465
9081,0.38736025935990814
15592,0.477136534978648
59,0.3548061791870804
12829,0.41275646948905786
4823,0.33342349271314503
15186,0.5044257720895174
260,0.41951940184599706
1071,0.4027212520860222
11354,0.35095833238159724
5335,0.38323188938569297
8398,0.29082031746092424
15165,0.35134837235799854
15572,0.31056129046471886
6854,0.3722727553905004
14301,0.3940089437346878
6863,0.3402404262083287
16279,0.5900565069050926
17041,0.3444929563956779
11023,0.33209834777347197
13007,0.33065018556550546
17342,0.5144980812275717
4069,0.4672374889462197
5058,0.30947192545308977
17262,0.5298331175768304
19377,0.4013181185045082
12467,0.4082313433628302
3955,0.45144460106758183
17992,0.34280321704306105
7769,0.40575674261255323
3637,0.3099116852187511
12284,0.4245887574163651
3809,0.325701663508539
4787,0.39657113507523595
15081,0.5287937257809715
15684,0.42013846231767527
7563,0.33972088612010426
14643,0.3316194208041986
11954,0.3736551039072003
18413,0.45800356280887217
4442,0.3264591795080967
6122,0.44247544456327853
3222,0.42566533830645065
11458,0.37228372532367804
9620,0.35447113975221484
12807,0.42180505929280554
9414,0.5022074027186234
13921,0.3411853469844625
18324,0.4969372414489367
3667,0.33962397542819045
896,0.32085503544417976
13108,0.3868182852484171
3697,0.3599932925469605
2091,0.33919788769290393
1070,0.4027212520860222
6485,0.34114683595944323
7122,0.43758519053120304
10909,0.3402404262083287
2356,0.4361527723548883
7903,0.44155880526580477
3663,0.47211513809046707
17840,0.3475161786296993
996,0.35701484279496287
5431,0.31265267114340306
17799,0.5349456300116268
16111,0.512936283030117
3742,0.43771350407827575
7200,0.40983257034492215
7547,0.37475394758705755
8589,0.3759110256789799
18437,0.48501724849843
6129,0.36978014774009166
3018,0.4695483223224676
2778,0.37469719112193234
5097,0.4402827541254777
16188,0.3374848631682941
5204,0.3518230609303081
8922,0.37367472677294916
10990,0.300106784261713
17407,0.3878532752524173
5,0.4027212520860222
10694,0.3672297221340056
5182,0.3735895104173184
6051,0.3409537706458245
12592,0.3802465163953728
15859,0.4260612812951412
14329,0.3880807448683095
47,0.3981092077542988
2878,0.342297512704809
9663,0.41722398016738776
11233,0.36424510353219247
5186,0.4544877223223659
13818,0.38748894699007913
823,0.4643260792380923
9404,0.5006048225877402
8018,0.35849050319879466
8961,0.35603870255575176
5203,0.4248543056308365
12779,0.31388280949852526
10462,0.4344746183337501
4124,0.38600206926177427
6010,0.38888001295759966
14566,0.3940089437346878
6082,0.39670932319824115
3576,0.4015452934279593
11752,0.4486315430346749
12795,0.3398413881337609
15010,0.351149847859031
3594,0.41639839099211307
16897,0.5519703576339792
5347,0.4817511897842394
1543,0.39605535140121895
13619,0.3654490873859137
10340,0.5568578999597785
7787,0.3267327877263825
19929,0.29797332481626043
9841,0.4061296804192811
9464,0.3286355468391698
358,0.4120543699947327
2113,0.3698412535569177
4852,0.38367717401650203
8549,0.3995693972167111
9320,0.3841356092448002
13530,0.4499297871042798
8568,0.4077294175707319
7797,0.3292971128432823
7911,0.3821751342494055
11971,0.45959073338012346
4375,0.4490351949481589
11109,0.35094741373569227
9701,0.41816259865779537
18585,0.5976528721877356
7373,0.28180521140554254
12440,0.3541077772802838
3572,0.3239803535948724
17224,0.3950202212980715
19,0.3365766630409206
14935,0.38318202887696434
13412,0.3289719823983784
9065,0.3137234634974395
6883,0.33680157229602137
8212,0.39008222381737284
6272,0.3632862193912282
4011,0.4396729360624255
17464,0.28830287769287033
18179,0.3141565538249089
4933,0.3672890186246771
12970,0.4148407541891876
11902,0.36471967561040464
17827,0.4565523836418594
16440,0.42876388344214644
9383,0.3301849655541053
11881,0.3558018878403346
15469,0.3620379215880025
11753,0.4314016552650982
17106,0.534736412342651
14537,0.38705662447583217
17101,0.4917457895776202
3376,0.5152674942000708
12695,0.3558382465943902
12789,0.41235018824542574
494,0.36272990805647043
18379,0.47158472066621526
9559,0.3930498449179825
16100,0.40502594362553707
7513,0.425694431502871
15291,0.2981512141904478
6100,0.4124428695903709
8157,0.30470922530682415
8769,0.3091823998789836
12042,0.4198635604860736
11572,0.33785990700303103
13947,0.408775203094399
7037,0.372559798988896
12882,0.41435529972060503
11447,0.3799318302094708
10226,0.4511955214061745
463,0.3562403424088334
9694,0.38631695765124296
14590,0.38485937964762934
9586,0.3228643100216946
7307,0.3739258928213314
12365,0.3435949290465328
7684,0.40663160760310735
16398,0.39710295203875606
906,0.36639403628136513
10659,0.4066667795135114
15482,0.3851480216896615
5983,0.33753837354352245
2045,0.3801978856298124
15701,0.40612573895416815
3328,0.4066667795135114
6625,0.3856609225843205
17709,0.2979099122264601
3617,0.3295802562932763
11775,0.47043794940962125
808,0.3755446512297589
11635,0.3885513913381281
6220,0.3031053752503063
13117,0.31169798180363545
17207,0.49304604216878783
8438,0.3179782945842236
4524,0.41457739688257145
13286,0.36533762313920326
7278,0.3949777912321216
6073,0.2952519285364151
19135,0.3141085650101589
7088,0.4122780606667541
11841,0.3199445667903405
6553,0.35418237207126346
7491,0.3649564724680328
2102,0.36488127421009126
18375,0.40149267657770826
11261,0.5510428724479487
19977,0.31518336245784684
10304,0.3817452953779821
11347,0.3728013176329248
9295,0.4058422723059221
1993,0.39724756912994613
5045,0.3285144396784035
12290,0.36230470466629094
2628,0.3112927574919283
74,0.4962391964840591
1356,0.35548543832621526
1479,0.40534596270805845
15668,0.4095912813796176
7393,0.3179191127894896
843,0.41010856630296805
19904,0.38334697377973187
18459,0.3181216640336055
8690,0.35827357359856477
1729,0.4119542299384616
18395,0.31472765129837016
15573,0.38849231180943167
13332,0.36903423274830577
1570,0.4549197613649619
11805,0.4190811325903587
4826,0.4868669646327337
9026,0.37949996421724835
19149,0.318922914438537
316,0.4787994607352006
15454,0.36428200468295485
5044,0.3912886171212352
6441,0.3489942641586718
11735,0.49159021232892214
16541,0.3071392171466599
2332,0.3980238542922997
13473,0.48125804413589046
8198,0.4803094877397736
14351,0.28842580155217423
16145,0.5146818839599908
3657,0.35414847048874126
19277,0.33861827540933354
9672,0.39683224576271264
15585,0.3221263453904026
5532,0.5454188404192432
4592,0.347554692185571
15340,0.4443503247229115
18714,0.3584525456233915
7109,0.37974251728363007
6576,0.35321089878925416
8277,0.42111213477685006
5110,0.3591562972323574
4424,0.34868908344909383
16845,0.35994293760940477
4994,0.423910755240658
11167,0.4082855878241509
10839,0.3767795636022031
15682,0.33662418838874625
16932,0.5003510149913702
12719,0.3520931751282626
4406,0.33342349271314503
8197,0.47880317208573064
9989,0.3808056771679204
5728,0.3801988717385065
9697,0.4150297647663475
8924,0.43892851953508993
18955,0.52484747663128
7180,0.37652466292213693
1261,0.34380016215716636
18113,0.49557556739925496
14518,0.42833773786936086
612,0.42154278785752103
16239,0.4143063046859102
7099,0.36272990805647043
8888,0.41066531488025626
2277,0.4336589283107957
10727,0.39127172859304205
12479,0.32841416977907884
4902,0.33831539013079914
13384,0.3109671860679795
6323,0.3489484587984598
855,0.363388933286104
17792,0.40357876484588323
18915,0.35740791725675897
5769,0.45004467576105245
10943,0.5354908164733303
13968,0.408526093882941
15517,0.2961191792480252
11543,0.4196229790549916
17561,0.5138881735874776
7117,0.4678332927731627
2614,0.427876324065794
5152,0.3203080150433076
9731,0.3739745707158408
4288,0.39286376236966025
12027,0.30219040549415344
13839,0.35486118435774033
18877,0.45108640525131494
12781,0.31388280949852526
17490,0.38405182702287155
5873,0.3904685702369144
1337,0.34064275869122745
15301,0.28467814613637343
18222,0.4017701319727217
7652,0.3917770563343758
8450,0.39875388478398904
7143,0.3754407376087458
10421,0.35642541068239125
9667,0.43847294334683884
8555,0.3995693972167111
10809,0.386444277601107
5364,0.41948811212740794
2508,0.4140636451202679
36,0.3888985779424451
17743,0.44117135708578414
14039,0.3735618991385512
6667,0.42903789277876064
3919,0.4112515324384713
5723,0.40313942639076006
3856,0.4497743015969361
10581,0.3499510249221349
11283,0.34593043080620045
1747,0.42543616892337854
10986,0.3761517576219893
13793,0.3493631835495379
10816,0.43049114770510016
8207,0.4344210253413847
15991,0.27927446514454835
16982,0.5588169590992664
3535,0.40121493643197925
8387,0.3208501616942785
375,0.3895739503255241
8730,0.3843013515590699
12756,0.3178525120666355
3562,0.4494584614060307
16692,0.4320666200320262
12822,0.4005749036965543
11424,0.34183904609361226
5313,0.4244673868639635
11617,0.361981435566492
7810,0.4134656232792727
18941,0.47159750541469336
4691,0.3749899711283735
7818,0.3096206015655774
4111,0.3931742669363318
15108,0.5266717640946679
17877,0.5230666146817637
3889,0.3955628026443094
2173,0.34335933654725803
10618,0.3461331110327368
5748,0.3101333221121029
8498,0.3739957857549204
16903,0.43570983002284713
18496,0.31821872527468953
2958,0.3856495838044658
16864,0.34057979460225213
8022,0.3895023256083193
1340,0.4293936369170144
6707,0.3654546038392469
5735,0.3725679466813398
17967,0.32116467146881666
13019,0.413373528219527
4188,0.39958296601403004
19014,0.357510274162998
12773,0.4130197165694789
16197,0.5394236373920189
7569,0.36937217469865424
12065,0.3996607520433009
413,0.460743834924249
8668,0.3208501616942785
13677,0.3295802562932763
15912,0.4067997701900047
19229,0.3501534074787399
19234,0.3308121489275411
10965,0.406703828980724
1258,0.4009495733648308
11157,0.34139341653705124
17061,0.2896118247259587
1,0.42235132318535124
11209,0.35548996945376826
11835,0.353415216011804
5258,0.3468394765084246
6928,0.38429396239608954
18338,0.44258802278387527
6614,0.3790196302079511
9036,0.35332690292937274
17872,0.44668929091516096
13123,0.4005749036965543
3747,0.3901562389440724
7304,0.3449812463367222
6655,0.37726239206249884
19222,0.5507980874656841
3384,0.36591807100252466
17978,0.5362614533599405
13366,0.37458596893517604
772,0.35378056998165686
9091,0.3728240737073032
14604,0.40967171741522834
16088,0.3054955957143941
10966,0.3962997523341004
6874,0.3723025679537207
17066,0.462245691538538
253,0.41036075854911835
606,0.4550470618319111
15332,0.41610567692149564
10999,0.38242210006136923
18701,0.4311476137998042
13269,0.37866344297479404
1842,0.40935239150325803
7004,0.41051369435532614
15236,0.444181779841353
14206,0.5863621751898782
10934,0.40507176792080907
16224,0.4079131161372205
15299,0.2955059080473506
10743,0.3859457059657402
10365,0.47469644496374824
18000,0.3103763185785052
11822,0.3835521857676311
17210,0.44480140689307823
1574,0.6328500412195119
3252,0.4000286949116092
19289,0.3603946104771236
14553,0.35192846558680474
12395,0.314121549279732
17705,0.34988335181266345
12946,0.4287020264419105
8257,0.42139785640456384
12404,0.397071981592666
5544,0.4391681728467576
13583,0.3366131052215525
1931,0.4461550105608383
6500,0.40709357856533634
10113,0.4134656232792727
6556,0.3334900948516832
10167,0.32723006535398497
4808,0.4333982767943575
4544,0.3786430579601207
3239,0.4272926222235856
4005,0.4097452167844284
15279,0.4898251862080307
12399,0.4444677195940526
7904,0.40979513822405716
17098,0.44762663210257275
11808,0.4135243287959246
8072,0.3506282670338249
17525,0.42234329127867143
587,0.3901944842698492
7613,0.34257433972531637
13806,0.344776650539632
18532,0.3538051527412202
9964,0.37245083956047764
5378,0.3242483886802532
10006,0.39132647851753233
12538,0.326731033401249
3304,0.3658787569582024
8653,0.3009589044714114
6935,0.35863608712995176
11589,0.35011929121423446
9648,0.4318560477198113
15532,0.31255725721169497
3536,0.4027212520860222
16671,0.3962836920074326
9156,0.3982089215395279
8685,0.2985999884842109
9809,0.4462216647940171
2860,0.4688051470879658
6876,0.33269718974844237
7168,0.38791533951829366
13239,0.3911905840125629
2505,0.36485851434275945
15783,0.3943681786489634
13075,0.33269718974844237
18629,0.31439100228288785
18883,0.5488437842141142
4719,0.3796526595914496
13954,0.3525985756963993
6968,0.3400210244371345
10124,0.36575200161289967
4682,0.4549225290101704
5041,0.3441624337500723
12089,0.3896444160936566
5223,0.34722821794747133
11596,0.3531646037654794
18353,0.32421033252281356
11962,0.3660607985736155
6718,0.35417464983862085
10471,0.4060404260860613
4604,0.38841779930800946
14902,0.32135084569930905
7126,0.37446364719191416
11736,0.4047165423082079
1618,0.34635206853926037
10712,0.39550352725983695
947,0.3228674274545988
10854,0.4017532371114425
4858,0.4395730425194773
2491,0.40878335206209265
18079,0.35154262958412513
4630,0.3206818662144905
7073,0.33775227712749833
15751,0.5035938644377104
18115,0.5836506586552149
813,0.45571535756105014
3627,0.33191931488136883
2770,0.33672864113055206
6864,0.3452641919713059
19225,0.5261998718629575
16500,0.4844601187873064
8173,0.38680225699797693
13413,0.3427718361020443
17689,0.5116274078143433
13415,0.2939842898223301
3774,0.38774534684877177
17825,0.5127597768832148
7960,0.42382782698640387
87,0.3566589063982073
6693,0.3670052222564961
7333,0.49497547670605446
8378,0.4112515324384713
7020,0.33065018556550546
9721,0.36937064440842066
14089,0.33095343458912324
7218,0.35593925380768254
7006,0.31197875027994304
19503,0.29947491269778453
4715,0.31690605617993567
14343,0.41436736982962996
18021,0.4025673453559519
9042,0.33659549333483335
9625,0.3739745707158408
5022,0.42751692985742595
18482,0.3534510793554775
9393,0.38552289098870146
17432,0.6189773460652702
14688,0.4105328188770192
15,0.3308121489275411
13652,0.33016125412634423
5520,0.3654579881931225
2312,0.40121493643197925
3996,0.4306220355969107
12495,0.3727269086869794
14564,0.38552542756956387
9242,0.38031433170368495
8352,0.34043739603910095
18188,0.4934632546785489
16068,0.34770799018600146
7819,0.3208501616942785
77,0.38360031674108763
6810,0.3880009458610911
19019,0.5783864957315334
7938,0.3788470975298836
18857,0.586994898324992
4254,0.4937087249093626
5999,0.45126926221128777
7194,0.31388280949852526
8792,0.3158672906544155
17570,0.5217362933771894
14932,0.39468058259037475
13862,0.31029458043669617
1831,0.38627549901001534
15362,0.34144058009684913
4062,0.38263084293543115
10738,0.32880963310830835
4046,0.4444078437067512
12554,0.35602206251610347
19200,0.47876990561214977
6574,0.35712489028988376
7371,0.4155523615163364
10815,0.41642774795836374
6768,0.3569206810240132
7241,0.34416411982644757
5791,0.32231751114927376
17135,0.4506098846472445
19270,0.4049052823526536
8001,0.4272569023743376
15696,0.39483789147706166
10504,0.4066667795135114
13288,0.3568215993268507
2629,0.41866143530585037
16451,0.36331301967267476
12038,0.3423327217738032
8258,0.4176808377193016
7555,0.45168969608250137
1429,0.48833922336213753
3931,0.3804534401999694
8170,0.3943967809552739
19004,0.38285838013286605
10277,0.44285282037887114
6941,0.46403831882729013
146,0.3998950893095162
7348,0.3554936080713879
7076,0.3708450504982894
9707,0.39467552984340826
18957,0.4106926753587979
7370,0.41740668301585576
13869,0.35625344932851755
16857,0.4356630709600666
12888,0.5042444906013968
9080,0.37043242227872664
4140,0.42427981579694024
13768,0.3687074517645876
14949,0.5068674088045203
2003,0.351651688675056
6416,0.38137270083233177
4885,0.32359672115624905
16218,0.34552846806501153
8869,0.34720513718721074
9446,0.36174273213195296
3611,0.3510738281707276
14406,0.4879158581919808
17189,0.4600984156995488
18785,0.6601114352346188
7104,0.3422201922475151
5379,0.3944100739028738
2306,0.3126884347342787
13628,0.3394663379040586
14341,0.39654016503624817
4376,0.37797211875147313
3943,0.4003541893822394
15778,0.3198839220361085
13102,0.39154140165630114
10780,0.3345644544933706
19342,0.32714817111676375
1961,0.3898116164866626
19224,0.3543593226818522
6747,0.31109094481356353
2081,0.5015578862560482
15261,0.4368641614042002
16207,0.31375863516155605
7954,0.37038094982599284
7670,0.45530333762457537
6560,0.43217288139512827
318,0.47703584231549145
14978,0.4874634092851263
11527,0.34902991281862794
16243,0.3126052140205655
7315,0.3056259975985794
10045,0.37313620982762324
1569,0.4357443310124857
8469,0.44848266322205405
4116,0.38868392553531345
4577,0.33027693577767137
464,0.3639213491896884
1917,0.3737999107665288
5539,0.4267790904338681
7404,0.4225462912738739
9402,0.4635102119866566
18609,0.34024569056973486
13514,0.34164179778531334
8832,0.529914681604306
18876,0.3435245787384385
8714,0.37802919971506177
3647,0.38108930277423303
7817,0.3853199522641592
12389,0.346403170530391
4397,0.3903660254524736
9165,0.4561553165293416
15594,0.3383009743590425
1221,0.5138869951854262
6514,0.33641250507301756
15595,0.4504847630862015
4379,0.3788828031124319
10810,0.37991501619866813
6570,0.4122037697235896
6730,0.4139290832418341
8647,0.38263084293543115
12941,0.34538988579537855
448,0.38248769319420917
9390,0.3484964755015408
17461,0.31790066040698023
8500,0.43521424510041345
4514,0.4815270175360253
3878,0.4071394113226566
4656,0.3446077655122952
4225,0.5122817839098639
19791,0.48089158004758886
3250,0.3902624623680322
4866,0.38774080674674866
13927,0.3606450698454457
1727,0.45571225057211207
3800,0.45597491751258334
17082,0.34985807347699116
11567,0.34951660854519484
13116,0.400007934301164
13449,0.38761698934158134
15463,0.3289218766588419
8909,0.4123079455192718
11383,0.3769439208135908
13317,0.40497368361433667
7106,0.33269718974844237
3540,0.422444799496689
16762,0.5484649607850782
18425,0.33041585901676185
17671,0.3141085650101589
9713,0.3926559878985944
12791,0.3525273944548725
5651,0.416060086059136
15455,0.4974597017968644
16163,0.38974569143365667
4318,0.44421999946445306
6025,0.34299318977309584
16120,0.3919226523999564
4489,0.43469278361697006
8220,0.35289398622594886
3192,0.4008672199146054
11019,0.3479094861844339
7526,0.4017532371114425
16402,0.3052845967392497
13865,0.33269718974844237
13380,0.3323085742473076
13297,0.31215918164544915
648,0.4364393320653748
16936,0.31169798180363545
8176,0.37273828412175103
11816,0.35797147223634557
16971,0.4415964081917886
4960,0.4242945088853094
3998,0.4667620063734925
15098,0.3287918118799671
4441,0.42180505929280554
15516,0.2961191792480252
18835,0.43200176235392507
11751,0.44775443141699034
16575,0.39498988357784476
727,0.39724756912994613
8509,0.30958770726031026
4669,0.3618251139783051
4750,0.37788785587118995
15952,0.3265876386252169
16124,0.3982775177992781
15843,0.33699081700143174
6361,0.32399616369733875
15142,0.3660728079106633
8227,0.37161888051135034
11280,0.3261040388252891
5343,0.31029458043669617
3917,0.33072433830075626
1957,0.4192309313292286
5416,0.3286355468391698
4009,0.32530875380235846
6595,0.40516046385946847
9002,0.5308678449070343
12609,0.29016471168848307
4525,0.4117691553987133
18541,0.37928157775735405
14953,0.3903660254524736
11799,0.3561226335939137
5086,0.41605388408329913
4788,0.39117418356107303
8659,0.39875388478398904
16397,0.39710295203875606
4530,0.47620276061779115
8646,0.36382036819360425
4547,0.33269718974844237
16636,0.39722436769151187
1348,0.4200625730971373
12697,0.3919022456479626
8190,0.4142864985421384
8755,0.4849533530150145
2161,0.482603168535385
16953,0.437952143578353
10940,0.37102125048638884
14372,0.34201689243763583
7498,0.3156300096524394
12078,0.368821384989444
11571,0.3333162835445521
7730,0.3163347511080654
14091,0.4133711895847237
10575,0.4377373360223639
655,0.4922958393842295
9077,0.3581534129451874
16753,0.546056865065668
351,0.3405906096226314
19012,0.43264205518904314
8933,0.38579621924930146
17476,0.44623415600081456
16993,0.43297834900730325
2719,0.4360601489455211
12835,0.33269718974844237
5054,0.3112942613630081
8934,0.38821169204325406
4554,0.28974158827826296
8856,0.4409600292459764
11278,0.5430583740240549
10458,0.532660693497827
5116,0.420005827778325
4671,0.5410030669467554
14947,0.3040413351612389
13699,0.3511953603180091
11704,0.3968565051022747
5064,0.3199445667903405
7063,0.3191638238658876
730,0.4547335002661122
16363,0.49487047895265673
14665,0.30788473879318
3156,0.3513112549629945
6046,0.3150779509504768
19775,0.3786502400550321
16378,0.5731447940234848
16117,0.30971667822049354
7242,0.3108145114551395
1266,0.4296826069391
14391,0.3613195586514012
732,0.4588217370574721
5096,0.4099391068486591
16379,0.591717437507999
17933,0.5257802774524454
4266,0.3146405557736727
7116,0.3452515493505254
18985,0.41180328076423006
1673,0.42262066691249217
12894,0.5533243566180625
8584,0.42252318026477903
6115,0.34862684433574054
1437,0.3435270840954221
6378,0.37617219903720023
14621,0.33388915426801236
12750,0.3871937780533358
8829,0.45024629366385843
8292,0.33679300542505414
7432,0.3728013176329248
7233,0.34276361233911773
18842,0.38038560171089714
7972,0.41948149716893995
13886,0.31662151526036136
8508,0.395125336344044
6861,0.3314257421421887
18847,0.3628306959301873
7289,0.3758254127061701
6300,0.3186459551252553
44,0.42471709511905964
11526,0.353344469956529
6666,0.3946232729325186
17479,0.36447241546191295
1305,0.3621588896821791
8954,0.5001551917294598
5392,0.3652205017375245
18893,0.4912235360058603
13750,0.33748580748199797
14290,0.3876130149989123
14407,0.34063517908538343
10884,0.3536234026650705
17844,0.386955406467134
548,0.40564641515778194
657,0.42686303693386535
16278,0.31819539531908003
14755,0.365664136772286
9078,0.37043242227872664
17942,0.43091788690315497
597,0.42805442193335586
10846,0.43857332309350305
6909,0.3798960356194315
5352,0.3631197031997067
1140,0.3538950703001944
14609,0.3489484587984598
9821,0.3801191249240226
8574,0.4287456653578464
12643,0.34771490312144027
17758,0.5082570518165577
15143,0.3837605705445265
10867,0.3761517576219893
17875,0.3636299393651563
1711,0.39468058259037475
12746,0.39780770968395346
2558,0.33427466259062205
2017,0.4641703103459497
7078,0.3580199761776968
4929,0.2946987522437098
9676,0.40039527725430213
336,0.44826505751454415
19369,0.5289655097007309
1262,0.3810742839433219
9307,0.4259113545216523
14954,0.3838367640500348
12950,0.37553848574079557
16340,0.287604194093572
16772,0.3651504198057334
1328,0.3669234034940122
19370,0.30352233717202304
17854,0.31059160017064236
10741,0.45719589206356553
17617,0.4210132827771051
8473,0.4474225374407338
16991,0.4424489154482974
11690,0.5006438568354931
14193,0.404623079586214
3876,0.4441133246383746
17261,0.379183091382827
4827,0.5613262315922016
9886,0.3838521386741267
9360,0.46403831882729013
6158,0.38563137728421215
5754,0.34113428334295226
7528,0.3717564547726237
18952,0.45416056899144314
13066,0.37985304287869665
18407,0.4552384301659397
13392,0.3702099966822713
14835,0.37643304732445043
6526,0.34124116208855826
12451,0.314121549279732
16425,0.4356167486977247
9937,0.4376049404735795
15699,0.5797463284349084
4527,0.37660430106012854
88,0.377624621983681
10860,0.3903248850287916
7867,0.3634501568139899
8907,0.4974597017968644
2258,0.4849955406569016
16038,0.3000738173453131
16737,0.42146902689449883
16171,0.3984372294797314
4660,0.388126469743679
7574,0.34058073765857727
17323,0.35462071587322513
7449,0.36607951509607745
19036,0.6027766109674926
8382,0.3851721819739537
10505,0.39767830766852147
5062,0.3370105625008777
8610,0.42502983501069325
5475,0.3055476508152818
2310,0.3442157200580235
14256,0.3159029482032077
10382,0.38228158954032676
19961,0.31266222696413937
7825,0.4192309313292286
1120,0.304399207993697
11358,0.37167068000030345
3240,0.33702184445914773
12487,0.346403170530391
871,0.36272990805647043
17387,0.5322691612416152
13099,0.3368518491831496
10564,0.41260028040010743
6088,0.39950024510082416
6326,0.37368203568991465
14961,0.3310189865813153
13433,0.36981855576188627
967,0.4639111625942828
7534,0.3520931751282626
16634,0.3983539518875838
3321,0.4198635604860736
8744,0.39597370616057437
3916,0.353123953678919
19011,0.5683835427429077
15547,0.3430255221379881
8894,0.5003283737814341
1228,0.3168434176368366
16942,0.32827668231647894
6092,0.42427981579694024
9856,0.42427981579694024
5287,0.3833454947550153
1014,0.407746517714887
6802,0.37065874572532004
12809,0.33713179202408095
13037,0.3717598993565386
5698,0.4335944304349441
9116,0.43215165423720037
16519,0.4115268699903029
8209,0.39231709486018584
9088,0.37043242227872664
7232,0.37294288044137625
12942,0.405364018729549
596,0.3179191127894896
14386,0.4066197703167903
18038,0.3774298703152561
2220,0.3926167725785048
17217,0.4168438826939275
19743,0.4559103342740804
11114,0.346403170530391
7796,0.3925177353335777
3605,0.3654546038392469
15003,0.42283974611797964
2761,0.3172604463794213
18012,0.4572999950888303
18001,0.3128455484525045
1204,0.32368220008202425
13364,0.33269718974844237
15139,0.34895482559484864
15220,0.32707632582719814
5351,0.36852623987906014
8336,0.3198850474483651
12903,0.3739258928213314
7107,0.42373996843539014
11472,0.41508775551975424
9250,0.3728240737073032
15183,0.4195761215179193
17378,0.3511953603180091
4709,0.45020915661980987
4811,0.37239947403626983
1581,0.5283418568212072
930,0.32278018269716835
12419,0.3702648920914058
16487,0.49141299196984406
8820,0.4584324149016574
13797,0.33269718974844237
1474,0.3955628026443094
9521,0.35251433796331477
3757,0.3500038513993935
3694,0.4122780606667541
1049,0.3741705097534526
3117,0.42537876559890025
8588,0.41223111525163997
14333,0.4369915214502371
18875,0.4592582854455179
10244,0.35829880446322065
2548,0.395581651875255
16774,0.36733588247846993
1707,0.3964022880092012
8247,0.4057489326249302
13933,0.401492516016777
17647,0.41255190926526597
4277,0.37973514960698734
12488,0.34824923857884743
10699,0.5112149958147452
3755,0.46887025535266225
5156,0.4112515324384713
19201,0.5489976331830057
19205,0.30346389176587446
18718,0.5201956585427913
17256,0.34263924687064845
10316,0.3739745707158408
10681,0.4251368748969101
3112,0.4155786402043327
19123,0.3901033760824565
5826,0.38563137728421215
4091,0.4194514812609826
1320,0.39919459684811515
17332,0.4462687592466323
4481,0.3439084218692136
10761,0.4095495080508912
566,0.3742691409952387
11951,0.3163347511080654
9627,0.39094022446537
16272,0.46238928299943066
3589,0.4269221997959934
17229,0.5531651665292195
6752,0.35869802728337696
1121,0.3270566301641113
16096,0.42613759537116036
11015,0.3717169477265816
18278,0.37716617786489204
3736,0.3651790672702928
16654,0.41137046501755536
18721,0.4549375965498574
1920,0.34635856017638167
12910,0.43577468096297833
13732,0.3545834396135232
5158,0.38774534684877177
4250,0.38955633811138124
15128,0.4275664619087646
4257,0.5153904220080187
2771,0.37462770716310567
16649,0.29786117335579465
11670,0.3822032515228071
10278,0.40121493643197925
9272,0.3660720719402586
10798,0.39894499562758445
15724,0.3858982030648486
7134,0.41124801597641675
7026,0.47406103971163094
11851,0.34116644046232897
17527,0.361123098756823
10570,0.47128450604006766
5043,0.38671701358273725
4535,0.3998104362857935
17355,0.3952364382866752
17929,0.5067868752572706
3933,0.4350233871282546
17517,0.336281134388577
11934,0.3539115482990628
1202,0.4257017991019245
1907,0.4620545087000225
16352,0.3420302656312049
17209,0.43218390660159933
5530,0.3507937654948316
9221,0.41194144989284026
17786,0.5058016564953355
16886,0.45856940285430847
14584,0.42871844250293983
17550,0.27959987449245555
12052,0.3926343886087127
19633,0.4808232410679597
8189,0.4244753948731185
7328,0.4565926983628992
3210,0.3931152367190295
2388,0.33660835370917647
5112,0.37354937249516157
17793,0.38617680807399607
1779,0.4955852995547356
7347,0.3911250200680114
6219,0.3366478450594086
9692,0.39094022446537
19361,0.36659314614750615
13323,0.3903660254524736
14753,0.3432584542005881
17071,0.4554717468660129
6190,0.3305729843009246
1497,0.3557397099960965
12741,0.41793895278161225
2064,0.39039904717654617
16901,0.3282539667769635
13181,0.338387194346314
13747,0.36169451438220157
10863,0.35185787447983297
5463,0.39132647851753233
10623,0.415672367596567
19483,0.35986978451971463
17352,0.4421769691642432
7208,0.44968385877318073
5761,0.4233600810127951
11078,0.3233032522124985
4910,0.3868174322332144
13935,0.38802268296317893
14511,0.40204139895999674
12521,0.39117695101482275
15608,0.3837825225249126
7214,0.4228258753309117
14929,0.30786748414142
9365,0.40580905939418155
16063,0.3135110391574769
4305,0.34988343585898446
18133,0.32091183264295403
5201,0.31819790508987394
11691,0.4080815583625703
19780,0.29116961568669014
10714,0.3084696794643328
2424,0.32600142016912037
10947,0.5234463293894583
10622,0.39640588536507143
18724,0.43367274015214713
7562,0.34570161008065875
6939,0.497121052631766
10969,0.34083123897350165
12489,0.3064955421500208
12744,0.3416023247704423
10632,0.4726501033021215
15675,0.34447316476830975
